{"Precinct":{"0":"001 Seminole Community Church","1":"002 Lighthouse Baptist Church","2":"003 Crossings Community Church","3":"004 Safeharbor Christian Churc","4":"005 Westview Baptist Church","5":"006 Westside Community Center","6":"007 Markham Woods Presbyterian","7":"008 Courtyard by Marriott","8":"009 Holy Cross Lutheran Church","9":"010 Lake Mary Events Center","10":"011 Seminole County Health Dep","11":"012 Markham Woods SDA Church D","12":"013 Church of Jesus Christ of","13":"014 Northwest Branch Library","14":"015 Nativity Catholic Church","15":"016 Lake Mary City Hall","16":"017 Seminole County Co-op Exte","17":"018 First Baptist Church Sweet","18":"019 Longwood Community Buildin","19":"020 First Baptist Church of Lo","20":"021 West Branch Library DC","21":"022 Wekiva Presbyterian Church","22":"023 Neighborhood Alliance Chur","23":"024 WaterStone Church","24":"025 Congregation Beth Am DC","25":"026 First Baptist Ch. Sanlando","26":"027 Forest Lake SDA Church DC","27":"028 Central Church of Christ","28":"029 TITLE Boxing Club","29":"030 St. Stephen Lutheran Churc","30":"036 St. Mark's Presbyterian Ch","31":"039 Eastmonte Civic Center","32":"056 Winter Springs Senior Cent"},"Latitude":{"0":28.826952,"1":28.685091,"2":28.8048119,"3":28.7970234,"4":28.7873947,"5":28.8036252,"6":28.7755855,"7":28.757089,"8":28.7575806,"9":28.76215,"10":28.7739106,"11":28.7032167,"12":28.7342808,"13":28.734338,"14":28.72819,"15":28.7576799,"16":28.7423712,"17":28.777739,"18":28.6998671,"19":28.698875,"20":28.69408,"21":28.689027,"22":28.6979061,"23":28.684107,"24":28.680747,"25":28.6862566,"26":28.670407,"27":28.674308,"28":28.6120917,"29":28.6872342,"30":28.682747,"31":28.656298,"32":28.7048496},"Longitude":{"0":-81.349542,"1":-81.342816,"2":-81.3646299,"3":-81.3171478,"4":-81.3241384,"5":-81.2884884,"6":-81.3818155,"7":-81.366657,"8":-81.3533444,"9":-81.3230639,"10":-81.2852905,"11":-81.3850056,"12":-81.3579929,"13":-81.339291,"14":-81.319706,"15":-81.3231826,"16":-81.2994486,"17":-81.384555,"18":-81.3486663,"19":-81.330982,"20":-81.445803,"21":-81.407817,"22":-81.3870647,"23":-81.356752,"24":-81.459606,"25":-81.4123093,"26":-81.440534,"27":-81.430365,"28":-81.3079122,"29":-81.3938242,"30":-81.373066,"31":-81.360251,"32":-81.3089425},"Vote Total":{"0":1659,"1":2829,"2":3624,"3":2448,"4":3186,"5":2060,"6":4042,"7":1923,"8":2458,"9":3914,"10":2761,"11":2890,"12":3067,"13":1848,"14":1261,"15":1941,"16":1423,"17":2618,"18":4613,"19":3991,"20":3539,"21":3633,"22":969,"23":4227,"24":1650,"25":953,"26":1374,"27":1202,"28":2446,"29":1374,"30":51,"31":108,"32":28},"Percent Dem":{"0":0.4333936106,"1":0.3559561683,"2":0.4541942605,"3":0.6495098039,"4":0.516007533,"5":0.8310679612,"6":0.3399307274,"7":0.4196567863,"8":0.4507729862,"9":0.4690853347,"10":0.6117348787,"11":0.3871972318,"12":0.5190740137,"13":0.5281385281,"14":0.4099920698,"15":0.5054095827,"16":0.4385101897,"17":0.3663101604,"18":0.4584868849,"19":0.5018792283,"20":0.4108505227,"21":0.4728874209,"22":0.3931888545,"23":0.4326945824,"24":0.4393939394,"25":0.481636936,"26":0.5276564774,"27":0.5565723794,"28":0.5621422731,"29":0.500727802,"30":0.4117647059,"31":0.3888888889,"32":0.3214285714}}