{"Precinct Number":{"1":1,"2":2,"3":3,"4":4,"5":5,"6":6,"7":7,"8":8,"9":9,"10":10,"11":11,"12":12,"13":13,"14":14,"15":15,"16":16,"17":17,"18":18,"19":19,"20":20,"21":21,"22":22,"23":23,"24":24,"25":25,"26":26,"27":27,"28":28,"29":29,"30":30},"Registered Republican %":{"1":40.658864326,"2":51.0371179039,"3":41.7633410673,"4":20.8958517211,"5":35.1134020619,"6":9.9242065372,"7":52.5050467976,"8":45.2994692949,"9":42.1329211747,"10":38.9214966985,"11":22.254704915,"12":47.9536489152,"13":32.8260410061,"14":34.6181046676,"15":42.6454445664,"16":34.1218405703,"17":42.8995546759,"18":51.7694063927,"19":40.7947611252,"20":31.402867585,"21":47.737508042,"22":42.3299421504,"23":50.038491147,"24":43.0969845151,"25":45.2060737527,"26":37.6675603217,"27":32.6797385621,"28":30.0094073377,"29":29.3561573838,"30":36.3773965691},"Registered Democrat %":{"1":31.7728651929,"2":22.9257641921,"3":29.4276875483,"4":46.425419241,"5":34.9690721649,"6":66.5561345334,"7":19.8935584511,"8":25.7012888552,"9":29.4590417311,"10":32.6669112252,"11":44.2718801389,"12":25.2465483235,"13":36.1868526739,"14":35.0424328147,"15":27.9912184413,"16":35.5152300713,"17":28.7481444829,"18":23.9440639269,"19":29.4984372675,"20":37.1099240933,"21":27.3429122882,"22":30.7600239378,"23":26.8668206313,"24":31.9478402608,"25":27.6789587852,"26":32.908847185,"27":35.6862745098,"28":38.1467544685,"29":39.0137966275,"30":36.2764883956},"Registered Other %":{"1":27.5682704811,"2":26.0371179039,"3":28.8089713844,"4":32.678729038,"5":29.9175257732,"6":23.5196589294,"7":27.6013947513,"8":28.9992418499,"9":28.4080370943,"10":28.4115920763,"11":33.4734149461,"12":26.7998027613,"13":30.98710632,"14":30.3394625177,"15":29.3633369923,"16":30.3629293584,"17":28.3523008412,"18":24.2865296804,"19":29.7068016074,"20":31.4872083216,"21":24.9195796697,"22":26.9100339118,"23":23.0946882217,"24":24.9551752241,"25":27.114967462,"26":29.4235924933,"27":31.6339869281,"28":31.8438381938,"29":31.6300459888,"30":27.3461150353},"Total Registered":{"1":2307.0,"2":3664.0,"3":5172.0,"4":4532.0,"5":4850.0,"6":4222.0,"7":5449.0,"8":2638.0,"9":3235.0,"10":5452.0,"11":5473.0,"12":4056.0,"13":4731.0,"14":2828.0,"15":1822.0,"16":3086.0,"17":2021.0,"18":3504.0,"19":6719.0,"20":7114.0,"21":4663.0,"22":5013.0,"23":1299.0,"24":6135.0,"25":2305.0,"26":1492.0,"27":2295.0,"28":2126.0,"29":3914.0,"30":1982.0},"Dem Vote %":{"1":44.5753254805,"2":36.6181818182,"3":46.854540279,"4":67.6883780332,"5":52.9298132646,"6":85.5144855145,"7":34.8554033486,"8":43.1320149653,"9":46.4765100671,"10":48.4432717678,"11":63.1637995512,"12":39.8078975454,"13":53.8747884941,"14":54.2222222222,"15":42.586490939,"16":52.1808510638,"17":45.1193058568,"18":37.6965408805,"19":47.3790322581,"20":52.120739006,"21":42.2920302501,"22":48.4762979684,"23":40.4029692471,"24":44.6097560976,"25":45.0310559006,"26":49.6753246753,"27":55.0075872534,"28":57.3264781491,"29":58.3864118896,"30":52.0423600605},"Repub Vote %":{"1":55.4246745195,"2":63.3818181818,"3":53.145459721,"4":32.3116219668,"5":47.0701867354,"6":14.4855144855,"7":65.1445966514,"8":56.8679850347,"9":53.5234899329,"10":51.5567282322,"11":36.8362004488,"12":60.1921024546,"13":46.1252115059,"14":45.7777777778,"15":57.413509061,"16":47.8191489362,"17":54.8806941432,"18":62.3034591195,"19":52.6209677419,"20":47.879260994,"21":57.7079697499,"22":51.5237020316,"23":59.5970307529,"24":55.3902439024,"25":54.9689440994,"26":50.3246753247,"27":44.9924127466,"28":42.6735218509,"29":41.6135881104,"30":47.9576399395},"Total_Votes":{"1":1613.0,"2":2750.0,"3":3513.0,"4":2349.0,"5":3106.0,"6":2002.0,"7":3942.0,"8":1871.0,"9":2384.0,"10":3790.0,"11":2674.0,"12":2811.0,"13":2955.0,"14":1800.0,"15":1214.0,"16":1880.0,"17":1383.0,"18":2544.0,"19":4464.0,"20":3843.0,"21":3438.0,"22":3544.0,"23":943.0,"24":4100.0,"25":1610.0,"26":924.0,"27":1318.0,"28":1167.0,"29":2355.0,"30":1322.0},"Turnout":{"1":69.9176419593,"2":75.0545851528,"3":67.9234338747,"4":51.8314210062,"5":64.0412371134,"6":47.4182851729,"7":72.3435492751,"8":70.9249431387,"9":73.6939721793,"10":69.5157740279,"11":48.8580303307,"12":69.3047337278,"13":62.4603677869,"14":63.6492220651,"15":66.6300768386,"16":60.9202851588,"17":68.4314695695,"18":72.602739726,"19":66.4384581039,"20":54.0202417768,"21":73.7293587819,"22":70.6961899062,"23":72.5943033102,"24":66.8296658517,"25":69.8481561822,"26":61.9302949062,"27":57.4291938998,"28":54.8918156162,"29":60.1686254471,"30":66.7003027245}}