{"Precinct Number":{"49":49,"50":50,"51":51,"52":52,"53":53,"54":54,"55":55,"56":56,"57":57,"58":58,"59":59,"60":60,"61":61,"62":62,"63":63,"64":64,"65":65,"66":66,"67":67,"68":68,"69":69,"70":70,"71":71,"72":72,"73":73,"74":74,"75":75,"76":76,"77":77,"78":78,"79":79,"80":80},"Registered Republican %":{"49":23.0103806228,"50":23.5743937077,"51":33.8080495356,"52":11.566951567,"53":22.2817133443,"54":32.7860936746,"55":33.2683877253,"56":28.8897975874,"57":40.3486529319,"58":31.4299778489,"59":46.6305951795,"60":42.0317309969,"61":49.2935635793,"62":35.8963982193,"63":40.6707605102,"64":51.8800571157,"65":30.2577319588,"66":39.0705679862,"67":35.100619195,"68":39.4321766562,"69":45.434298441,"70":54.0793024704,"71":35.1742357529,"72":44.6967129787,"73":52.6545454545,"74":33.2356389215,"75":38.8352638353,"76":41.2792069861,"77":39.1745365512,"78":41.1764705882,"79":32.2982947315,"80":39.3111638955},"Registered Democrat %":{"49":50.6487889273,"50":52.7201223509,"51":38.5139318885,"52":65.8689458689,"53":41.9069192751,"54":36.021245775,"55":36.4831953239,"56":38.5606215498,"57":31.3153724247,"58":35.9094265321,"59":26.1190359075,"60":28.8657352593,"61":26.0596546311,"62":32.5374342372,"63":30.8927727917,"64":24.4169443122,"65":37.1391752577,"66":33.0034423408,"67":33.7848297214,"68":31.9825285125,"69":26.2463594312,"70":22.3375544945,"71":35.1113347591,"72":25.3812267028,"73":21.2121212121,"74":35.0527549824,"75":31.1776061776,"76":28.8175595941,"77":30.9199020637,"78":30.0729594163,"79":37.159582591,"80":30.6116389549},"Registered Other %":{"49":26.3408304498,"50":23.7054839414,"51":27.6780185759,"52":22.5641025641,"53":35.8113673806,"54":31.1926605505,"55":30.2484169508,"56":32.5495808628,"57":28.3359746434,"58":32.660595619,"59":27.2503689129,"60":29.1025337438,"61":24.6467817896,"62":31.5661675435,"63":28.4364666982,"64":23.7029985721,"65":32.6030927835,"66":27.925989673,"67":31.1145510836,"68":28.5852948314,"69":28.3193421278,"70":23.5831430351,"71":29.714429488,"72":29.9220603185,"73":26.1333333333,"74":31.7116060961,"75":29.9871299871,"76":29.9032334199,"77":29.9055613851,"78":28.7505699954,"79":30.5421226775,"80":30.0771971496},"Total Registered":{"49":2312.0,"50":4577.0,"51":1615.0,"52":1755.0,"53":4856.0,"54":4142.0,"55":2053.0,"56":4891.0,"57":3155.0,"58":4063.0,"59":2033.0,"60":4223.0,"61":6370.0,"62":2471.0,"63":2117.0,"64":2101.0,"65":3880.0,"66":2324.0,"67":2584.0,"68":4121.0,"69":5837.0,"70":4817.0,"71":7949.0,"72":2951.0,"73":4125.0,"74":3412.0,"75":3108.0,"76":4237.0,"77":2859.0,"78":4386.0,"79":3929.0,"80":3368.0},"Dem Vote %":{"49":66.6922486569,"50":67.8131788559,"51":52.9175050302,"52":85.3277835588,"53":59.4831179658,"54":52.8133488553,"55":50.1501501502,"56":55.6899004267,"57":45.0395901258,"58":51.1989903239,"59":39.5620437956,"60":46.9318948078,"61":39.5353793691,"62":51.2115258677,"63":46.2209302326,"64":34.2157511582,"65":55.1738583997,"66":48.8614183474,"67":53.9179104478,"68":48.9533602644,"69":41.6155168181,"70":27.701674277,"71":52.5771144279,"72":41.4441147379,"73":30.7664099743,"74":54.7563805104,"75":48.673420164,"76":46.686746988,"77":48.8694758479,"78":48.0392156863,"79":55.4161438729,"80":49.8689956332},"Repub Vote %":{"49":33.3077513431,"50":32.1868211441,"51":47.0824949698,"52":14.6722164412,"53":40.5168820342,"54":47.1866511447,"55":49.8498498498,"56":44.3100995733,"57":54.9604098742,"58":48.8010096761,"59":60.4379562044,"60":53.0681051922,"61":60.4646206309,"62":48.7884741323,"63":53.7790697674,"64":65.7842488418,"65":44.8261416003,"66":51.1385816526,"67":46.0820895522,"68":51.0466397356,"69":58.3844831819,"70":72.298325723,"71":47.4228855721,"72":58.5558852621,"73":69.2335900257,"74":45.2436194896,"75":51.326579836,"76":53.313253012,"77":51.1305241521,"78":51.9607843137,"79":44.5838561271,"80":50.1310043668},"Total_Votes":{"49":1303.0,"50":2762.0,"51":994.0,"52":961.0,"53":2399.0,"54":2577.0,"55":999.0,"56":2812.0,"57":2147.0,"58":2377.0,"59":1370.0,"60":2966.0,"61":4692.0,"62":1527.0,"63":1376.0,"64":1511.0,"65":2387.0,"66":1537.0,"67":1608.0,"68":2723.0,"69":4073.0,"70":3285.0,"71":5025.0,"72":2022.0,"73":2727.0,"74":2155.0,"75":2073.0,"76":2988.0,"77":1946.0,"78":2856.0,"79":2391.0,"80":2290.0},"Turnout":{"49":56.3581314879,"50":60.3452042823,"51":61.5479876161,"52":54.7578347578,"53":49.402800659,"54":62.2163206181,"55":48.6604968339,"56":57.4933551421,"57":68.0507131537,"58":58.5035687915,"59":67.3880964092,"60":70.2344304996,"61":73.6577708006,"62":61.7968433832,"63":64.9976381672,"64":71.9181342218,"65":61.5206185567,"66":66.1359724613,"67":62.2291021672,"68":66.0761950983,"69":69.7789960596,"70":68.1959725971,"71":63.2154988049,"72":68.5191460522,"73":66.1090909091,"74":63.1594372802,"75":66.6988416988,"76":70.5215954685,"77":68.0657572578,"78":65.1162790698,"79":60.855179435,"80":67.9928741093}}